Equipo,id_equipo
Arenal Emeve,1-2023-2024
Cisneros Alter,2-2023-2024
Voley Palma,3-2023-2024
Manacor,4-2023-2024
Guaguas,5-2023-2024
CV Melilla,6-2023-2024
CV San Roque,7-2023-2024
Rio Duero Soria,8-2023-2024
CV Teruel,9-2023-2024
Unicaja Almeria,10-2023-2024
Conqueridor Valencia,11-2023-2024
CV Villena Petrer,12-2023-2024
